{"loss":0.12616253795142135,"_timestamp":1.7354814268243275e+09,"_runtime":16.6920776,"_step":7,"acc":0.8880816202910029,"_wandb":{"runtime":16}}